cluster,diagnosis,count,row_pct,col_pct
1,acute flare-up of triaditis/chronic enteropathy,21,26.923076923076923,23.333333333333332
1,acute gastroenteritis,32,41.02564102564102,53.333333333333336
1,acute pancreatitis,13,16.666666666666664,10.483870967741936
1,parvovirus enteritis,12,15.384615384615385,29.268292682926827
2,acute flare-up of triaditis/chronic enteropathy,26,35.13513513513514,28.888888888888886
2,acute gastroenteritis,7,9.45945945945946,11.666666666666666
2,acute pancreatitis,37,50.0,29.838709677419356
2,parvovirus enteritis,4,5.405405405405405,9.75609756097561
3,acute flare-up of triaditis/chronic enteropathy,22,26.190476190476193,24.444444444444443
3,acute gastroenteritis,14,16.666666666666664,23.333333333333332
3,acute pancreatitis,47,55.952380952380956,37.903225806451616
3,parvovirus enteritis,1,1.1904761904761905,2.4390243902439024
4,acute flare-up of triaditis/chronic enteropathy,21,26.582278481012654,23.333333333333332
4,acute gastroenteritis,7,8.860759493670885,11.666666666666666
4,acute pancreatitis,27,34.177215189873415,21.774193548387096
4,parvovirus enteritis,24,30.37974683544304,58.536585365853654
