cluster,diagnosis,count,row_pct,col_pct
0,acute flare-up of triaditis/chronic enteropathy,10,20.408163265306122,11.11111111111111
0,acute gastroenteritis,8,16.3265306122449,13.333333333333334
0,acute pancreatitis,16,32.6530612244898,12.903225806451612
0,parvovirus enteritis,15,30.612244897959183,36.58536585365854
1,acute flare-up of triaditis/chronic enteropathy,25,35.714285714285715,27.77777777777778
1,acute gastroenteritis,8,11.428571428571429,13.333333333333334
1,acute pancreatitis,29,41.42857142857143,23.387096774193548
1,parvovirus enteritis,8,11.428571428571429,19.51219512195122
2,acute flare-up of triaditis/chronic enteropathy,2,50.0,2.2222222222222223
2,acute gastroenteritis,0,0.0,0.0
2,acute pancreatitis,2,50.0,1.6129032258064515
2,parvovirus enteritis,0,0.0,0.0
3,acute flare-up of triaditis/chronic enteropathy,33,29.464285714285715,36.666666666666664
3,acute gastroenteritis,24,21.428571428571427,40.0
3,acute pancreatitis,46,41.07142857142857,37.096774193548384
3,parvovirus enteritis,9,8.035714285714286,21.951219512195124
4,acute flare-up of triaditis/chronic enteropathy,8,36.36363636363637,8.88888888888889
4,acute gastroenteritis,2,9.090909090909092,3.3333333333333335
4,acute pancreatitis,9,40.909090909090914,7.258064516129033
4,parvovirus enteritis,3,13.636363636363635,7.317073170731707
5,acute flare-up of triaditis/chronic enteropathy,12,20.689655172413794,13.333333333333334
5,acute gastroenteritis,18,31.03448275862069,30.0
5,acute pancreatitis,22,37.93103448275862,17.741935483870968
5,parvovirus enteritis,6,10.344827586206897,14.634146341463413
