disease,histgb_cv_auc,histgb_holdout_auc,lgbm_cv_auc,histgb_perm_p,lgbm_perm_p,shap_env_mean_spearman,delta_holdout_vs_cv,model_family_direction_consistent,environmental_signal_strength,robustness_tier
parvovirus enteritis,0.6200430228208005,0.759090909090909,0.6670043022820801,0.0497512437810945,0.0049751243781094,0.7840719967887899,0.13904788627010856,True,Suggestive,Low
acute gastroenteritis,0.5962418300653594,0.7287581699346405,0.6140522875816994,0.0646766169154228,0.0298507462686567,0.8289305243803241,0.13251633986928113,True,Weak,Low
acute flare-up of triaditis/chronic enteropathy,0.5074074074074074,0.528395061728395,0.5609876543209877,0.5422885572139303,0.1442786069651741,0.8153265385611095,0.020987654320987592,True,Weak,Low
acute pancreatitis,0.4776054880791722,0.4452631578947368,0.4909784075573549,0.6417910447761194,0.5472636815920398,0.8331835645986205,-0.032342330184435386,True,Weak,Low
