disease,block,n_perm,observed_auc,perm_mean,perm_std,p_value,effect_size
acute flare-up of triaditis/chronic enteropathy,environmental_only,200,0.5609876543209877,0.5099569086490193,0.04767915413159706,0.14427860696517414,0.051030745671968414
acute gastroenteritis,environmental_only,200,0.6140522875816994,0.5008865798499442,0.05631612182350594,0.029850746268656716,0.11316570773175516
acute pancreatitis,environmental_only,200,0.49097840755735495,0.5011840315358378,0.046392633564544934,0.5472636815920398,-0.010205623978482847
parvovirus enteritis,environmental_only,200,0.6670043022820801,0.5016212967411139,0.06327485558308003,0.004975124378109453,0.1653830055409662
