disease,histgb_auc,lgbm_auc,histgb_perm_p,lgbm_perm_p,direction_consistent
acute flare-up of triaditis/chronic enteropathy,0.5074074074074074,0.5609876543209877,0.5422885572139303,0.14427860696517414,True
acute gastroenteritis,0.5962418300653594,0.6140522875816994,0.0646766169154228,0.029850746268656716,True
acute pancreatitis,0.4776054880791722,0.49097840755735495,0.6417910447761194,0.5472636815920398,True
parvovirus enteritis,0.6200430228208005,0.6670043022820801,0.0497512437810945,0.004975124378109453,True
