cluster,diagnosis,count,row_pct,col_pct
0,acute flare-up of triaditis/chronic enteropathy,73,29.435483870967744,81.11111111111111
0,acute gastroenteritis,29,11.693548387096774,48.333333333333336
0,acute pancreatitis,116,46.774193548387096,93.54838709677419
0,parvovirus enteritis,30,12.096774193548388,73.17073170731707
1,acute flare-up of triaditis/chronic enteropathy,17,25.37313432835821,18.88888888888889
1,acute gastroenteritis,31,46.26865671641791,51.66666666666667
1,acute pancreatitis,8,11.940298507462686,6.451612903225806
1,parvovirus enteritis,11,16.417910447761194,26.82926829268293
