cluster,diagnosis,count,row_pct,col_pct
0,acute flare-up of triaditis/chronic enteropathy,72,29.1497975708502,80.89887640449437
0,acute gastroenteritis,29,11.740890688259109,48.333333333333336
0,acute pancreatitis,116,46.963562753036435,93.54838709677419
0,parvovirus enteritis,30,12.145748987854251,73.17073170731707
1,acute flare-up of triaditis/chronic enteropathy,17,25.37313432835821,19.101123595505616
1,acute gastroenteritis,31,46.26865671641791,51.66666666666667
1,acute pancreatitis,8,11.940298507462686,6.451612903225806
1,parvovirus enteritis,11,16.417910447761194,26.82926829268293
