{
  "n_splits": 5,
  "results": {
    "hist_gb": {
      "clinical_only": {
        "n_folds": 5,
        "accuracy": {
          "mean": 0.5809523809523809,
          "std": 0.10742174168691195
        },
        "balanced_accuracy": {
          "mean": 0.6063888888888889,
          "std": 0.08596863212751812
        },
        "macro_f1": {
          "mean": 0.6099259550715472,
          "std": 0.10183174022343389
        },
        "weighted_f1": {
          "mean": 0.5772032264714533,
          "std": 0.10987653475938608
        }
      },
      "combined": {
        "n_folds": 5,
        "accuracy": {
          "mean": 0.5746031746031746,
          "std": 0.07134033350553724
        },
        "balanced_accuracy": {
          "mean": 0.6055,
          "std": 0.08543928110753765
        },
        "macro_f1": {
          "mean": 0.6143144878113553,
          "std": 0.07352779194815504
        },
        "weighted_f1": {
          "mean": 0.5756971482105351,
          "std": 0.0668036970461159
        }
      },
      "environmental_only": {
        "n_folds": 5,
        "accuracy": {
          "mean": 0.3682539682539682,
          "std": 0.051921991218400396
        },
        "balanced_accuracy": {
          "mean": 0.33888888888888885,
          "std": 0.029939979825900156
        },
        "macro_f1": {
          "mean": 0.3434075442634589,
          "std": 0.037787635452284245
        },
        "weighted_f1": {
          "mean": 0.3630820568821303,
          "std": 0.04844496553411488
        }
      }
    },
    "logistic_ovr": {
      "clinical_only": {
        "n_folds": 5,
        "accuracy": {
          "mean": 0.5555555555555556,
          "std": 0.048923920658483964
        },
        "balanced_accuracy": {
          "mean": 0.5988055555555556,
          "std": 0.03303112425808554
        },
        "macro_f1": {
          "mean": 0.5854804468771285,
          "std": 0.04328329128379915
        },
        "weighted_f1": {
          "mean": 0.5492267203439289,
          "std": 0.052847390368925024
        }
      },
      "combined": {
        "n_folds": 5,
        "accuracy": {
          "mean": 0.5333333333333333,
          "std": 0.050942242971051474
        },
        "balanced_accuracy": {
          "mean": 0.5793611111111112,
          "std": 0.03820550344946602
        },
        "macro_f1": {
          "mean": 0.5739070807272848,
          "std": 0.045050254609357125
        },
        "weighted_f1": {
          "mean": 0.5299459889283957,
          "std": 0.05166273028361631
        }
      },
      "environmental_only": {
        "n_folds": 5,
        "accuracy": {
          "mean": 0.3079365079365079,
          "std": 0.04969039949999532
        },
        "balanced_accuracy": {
          "mean": 0.3240555555555556,
          "std": 0.046801784384838785
        },
        "macro_f1": {
          "mean": 0.3088115947179816,
          "std": 0.042387304181034216
        },
        "weighted_f1": {
          "mean": 0.30168315194226897,
          "std": 0.049182651783374616
        }
      }
    },
    "random_forest": {
      "clinical_only": {
        "n_folds": 5,
        "accuracy": {
          "mean": 0.5365079365079365,
          "std": 0.05069434737355972
        },
        "balanced_accuracy": {
          "mean": 0.5303888888888888,
          "std": 0.05087519147899781
        },
        "macro_f1": {
          "mean": 0.5281156673525702,
          "std": 0.04708789159811975
        },
        "weighted_f1": {
          "mean": 0.5109964370938188,
          "std": 0.049178787354888606
        }
      },
      "combined": {
        "n_folds": 5,
        "accuracy": {
          "mean": 0.5333333333333333,
          "std": 0.050942242971051474
        },
        "balanced_accuracy": {
          "mean": 0.5218055555555555,
          "std": 0.070413447767761
        },
        "macro_f1": {
          "mean": 0.5090566670412588,
          "std": 0.06383102300150058
        },
        "weighted_f1": {
          "mean": 0.48634662314618227,
          "std": 0.053778438052041716
        }
      },
      "environmental_only": {
        "n_folds": 5,
        "accuracy": {
          "mean": 0.37777777777777777,
          "std": 0.045453400200877306
        },
        "balanced_accuracy": {
          "mean": 0.34236111111111106,
          "std": 0.039398814569808746
        },
        "macro_f1": {
          "mean": 0.35144652387195696,
          "std": 0.04242259870933031
        },
        "weighted_f1": {
          "mean": 0.3669609385163707,
          "std": 0.0426422997218333
        }
      }
    }
  },
  "per_class_results": {
    "hist_gb": {
      "clinical_only": {
        "acute flare-up of triaditis/chronic enteropathy": {
          "n_folds": 5,
          "precision": {
            "mean": 0.48850140056022406,
            "std": 0.13953086416497884
          },
          "recall": {
            "mean": 0.4444444444444445,
            "std": 0.13028932666176193
          },
          "f1": {
            "mean": 0.4637258922707839,
            "std": 0.13081311666770612
          }
        },
        "acute gastroenteritis": {
          "n_folds": 5,
          "precision": {
            "mean": 0.6651126651126651,
            "std": 0.09363907126858197
          },
          "recall": {
            "mean": 0.6333333333333333,
            "std": 0.045643546458763805
          },
          "f1": {
            "mean": 0.6457971014492754,
            "std": 0.05184436989057706
          }
        },
        "acute pancreatitis": {
          "n_folds": 5,
          "precision": {
            "mean": 0.5360119047619049,
            "std": 0.10764967761014965
          },
          "recall": {
            "mean": 0.595,
            "std": 0.20056171120131577
          },
          "f1": {
            "mean": 0.5611248532996298,
            "std": 0.14972413735765558
          }
        },
        "parvovirus enteritis": {
          "n_folds": 5,
          "precision": {
            "mean": 0.7980952380952381,
            "std": 0.18327457314367895
          },
          "recall": {
            "mean": 0.7527777777777778,
            "std": 0.12857540901147907
          },
          "f1": {
            "mean": 0.7690559732664995,
            "std": 0.14305854763541628
          }
        }
      },
      "combined": {
        "acute flare-up of triaditis/chronic enteropathy": {
          "n_folds": 5,
          "precision": {
            "mean": 0.46313725490196084,
            "std": 0.08845995364396714
          },
          "recall": {
            "mean": 0.4111111111111111,
            "std": 0.03042903097250921
          },
          "f1": {
            "mean": 0.4325637623470441,
            "std": 0.04579215641011793
          }
        },
        "acute gastroenteritis": {
          "n_folds": 5,
          "precision": {
            "mean": 0.8202602952602952,
            "std": 0.06174779514739045
          },
          "recall": {
            "mean": 0.6666666666666667,
            "std": 0.13176156917368248
          },
          "f1": {
            "mean": 0.7289026915113872,
            "std": 0.0813627191360188
          }
        },
        "acute pancreatitis": {
          "n_folds": 5,
          "precision": {
            "mean": 0.5190549169859515,
            "std": 0.08538020150259204
          },
          "recall": {
            "mean": 0.5886666666666667,
            "std": 0.0954404992070394
          },
          "f1": {
            "mean": 0.549207390059849,
            "std": 0.0771543249891406
          }
        },
        "parvovirus enteritis": {
          "n_folds": 5,
          "precision": {
            "mean": 0.7431746031746032,
            "std": 0.13427670801724548
          },
          "recall": {
            "mean": 0.7555555555555555,
            "std": 0.1535962922327695
          },
          "f1": {
            "mean": 0.7465841073271415,