{
  "accuracy": 0.4126984126984127,
  "balanced_accuracy": 0.39694444444444443,
  "macro_f1": 0.41164126667616197,
  "weighted_f1": 0.40490832867987114
}