{
  "accuracy": 0.4444444444444444,
  "balanced_accuracy": 0.41694444444444445,
  "macro_f1": 0.43321226795803064,
  "weighted_f1": 0.43291440870133363
}