{
  "n_splits": 5,
  "results": {
    "hist_gb": {
      "clinical_only": {
        "n_folds": 5,
        "accuracy": {
          "mean": 0.579621095750128,
          "std": 0.060964162073270746
        },
        "balanced_accuracy": {
          "mean": 0.6106437908496731,
          "std": 0.047762264328108796
        },
        "macro_f1": {
          "mean": 0.6072045733272583,
          "std": 0.04360497728006252
        },
        "weighted_f1": {
          "mean": 0.5763841275023518,
          "std": 0.05814227195273881
        }
      },
      "combined": {
        "n_folds": 5,
        "accuracy": {
          "mean": 0.5605734767025089,
          "std": 0.029694369195190074
        },
        "balanced_accuracy": {
          "mean": 0.5966405228758169,
          "std": 0.032051654984447946
        },
        "macro_f1": {
          "mean": 0.6067062760300957,
          "std": 0.02556705098623421
        },
        "weighted_f1": {
          "mean": 0.562799039970024,
          "std": 0.027105984919061958
        }
      },
      "environmental_only": {
        "n_folds": 5,
        "accuracy": {
          "mean": 0.37260624679979515,
          "std": 0.041249475636586395
        },
        "balanced_accuracy": {
          "mean": 0.34023039215686274,
          "std": 0.04840113841943077
        },
        "macro_f1": {
          "mean": 0.3415919325184337,
          "std": 0.051043076841520776
        },
        "weighted_f1": {
          "mean": 0.3621078593317151,
          "std": 0.0427006589592067
        }
      }
    },
    "logistic_ovr": {
      "clinical_only": {
        "n_folds": 5,
        "accuracy": {
          "mean": 0.5539170506912442,
          "std": 0.07113791993964537
        },
        "balanced_accuracy": {
          "mean": 0.5904281045751634,
          "std": 0.04602159883727492
        },
        "macro_f1": {
          "mean": 0.5829680292334245,
          "std": 0.05431055363411337
        },
        "weighted_f1": {
          "mean": 0.5485436856784291,
          "std": 0.07327387079012034
        }
      },
      "combined": {
        "n_folds": 5,
        "accuracy": {
          "mean": 0.5442908346134152,
          "std": 0.06889838066946333
        },
        "balanced_accuracy": {
          "mean": 0.5894493464052287,
          "std": 0.06183129105343175
        },
        "macro_f1": {
          "mean": 0.5833410688155622,
          "std": 0.06279143985223519
        },
        "weighted_f1": {
          "mean": 0.5414812952780924,
          "std": 0.06998236308368502
        }
      },
      "environmental_only": {
        "n_folds": 5,
        "accuracy": {
          "mean": 0.3343573988735279,
          "std": 0.049841071003409586
        },
        "balanced_accuracy": {
          "mean": 0.3422271241830065,
          "std": 0.04902466021076343
        },
        "macro_f1": {
          "mean": 0.3290205005516407,
          "std": 0.04495965121837078
        },
        "weighted_f1": {
          "mean": 0.32906758546308224,
          "std": 0.04838414432703568
        }
      }
    },
    "random_forest": {
      "clinical_only": {
        "n_folds": 5,
        "accuracy": {
          "mean": 0.5125448028673836,
          "std": 0.060008405697625625
        },
        "balanced_accuracy": {
          "mean": 0.510295751633987,
          "std": 0.06934260034885249
        },
        "macro_f1": {
          "mean": 0.504236391015952,
          "std": 0.06324173643793284
        },
        "weighted_f1": {
          "mean": 0.48254561731316714,
          "std": 0.0532251207973888
        }
      },
      "combined": {
        "n_folds": 5,
        "accuracy": {
          "mean": 0.5572964669738864,
          "std": 0.03088495763329992
        },
        "balanced_accuracy": {
          "mean": 0.5421846405228758,
          "std": 0.05130143728682513
        },
        "macro_f1": {
          "mean": 0.5374796725271677,
          "std": 0.039140803879854684
        },
        "weighted_f1": {
          "mean": 0.516190855411747,
          "std": 0.023830514895295106
        }
      },
      "environmental_only": {
        "n_folds": 5,
        "accuracy": {
          "mean": 0.3599590373783922,
          "std": 0.016654844820574086
        },
        "balanced_accuracy": {
          "mean": 0.3238480392156863,
          "std": 0.03943289772972319
        },
        "macro_f1": {
          "mean": 0.32597384525561063,
          "std": 0.0364526867219
        },
        "weighted_f1": {
          "mean": 0.34609080974013423,
          "std": 0.025086385704705737
        }
      }
    }
  },
  "per_class_results": {
    "hist_gb": {
      "clinical_only": {
        "acute flare-up of triaditis/chronic enteropathy": {
          "n_folds": 5,
          "precision": {
            "mean": 0.4743264088852325,
            "std": 0.09488516306563773
          },
          "recall": {
            "mean": 0.4379084967320261,
            "std": 0.069593266140676
          },
          "f1": {
            "mean": 0.45207136949072435,
            "std": 0.07596674790756092
          }
        },
        "acute gastroenteritis": {
          "n_folds": 5,
          "precision": {
            "mean": 0.6725718725718726,
            "std": 0.06268860374436608
          },
          "recall": {
            "mean": 0.6333333333333333,
            "std": 0.045643546458763805
          },
          "f1": {
            "mean": 0.6497391304347826,
            "std": 0.025685804532958555
          }
        },
        "acute pancreatitis": {
          "n_folds": 5,
          "precision": {
            "mean": 0.5556023063736949,
            "std": 0.0762120135474742
          },
          "recall": {
            "mean": 0.588,
            "std": 0.148054044186574
          },
          "f1": {
            "mean": 0.5693710544774374,
            "std": 0.10800118543312577
          }
        },
        "parvovirus enteritis": {
          "n_folds": 5,
          "precision": {
            "mean": 0.7438672438672439,
            "std": 0.02437001528032852
          },
          "recall": {
            "mean": 0.7833333333333333,
            "std": 0.1542229626943479
          },
          "f1": {
            "mean": 0.7576367389060887,
            "std": 0.07498194152044413
          }
        }
      },
      "combined": {
        "acute flare-up of triaditis/chronic enteropathy": {
          "n_folds": 5,
          "precision": {
            "mean": 0.4113106295149639,
            "std": 0.095847357580628
          },
          "recall": {
            "mean": 0.40522875816993464,
            "std": 0.06649343120711047
          },
          "f1": {
            "mean": 0.407016887016887,
            "std": 0.07688841331177468
          }
        },
        "acute gastroenteritis": {
          "n_folds": 5,
          "precision": {
            "mean": 0.8237012987012988,
            "std": 0.04806949486577076
          },
          "recall": {
            "mean": 0.6666666666666667,
            "std": 0.11785113019775792
          },
          "f1": {
            "mean": 0.7293592677345538,
            "std": 0.06426507727446971
          }
        },
        "acute pancreatitis": {
          "n_folds": 5,
          "precision": {
            "mean": 0.509090909090909,
            "std": 0.03811491125677429
          },
          "recall": {
            "mean": 0.5563333333333333,
            "std": 0.10230944346550919
          },
          "f1": {
            "mean": 0.5299594904274707,
            "std": 0.06304090067835584
          }
        },
        "parvovirus enteritis": {
          "n_folds": 5,
          "precision": {
            "mean": 0.773968253968254,
            "std": 0.16555791442413936
          },
          "recall": {
            "mean": 0.7583333333333333,
            "std": 0.14553540997144152
          },
          "f1": {
            "mean": 0.7604894589414715,