disease,overall_n,rule_subset_n,overall_pct,rule_subset_pct,subset_vs_overall_ratio
acute pancreatitis,124,10,0.39490445859872614,0.38461538461538464,0.9739454094292804
acute flare-up of triaditis/chronic enteropathy,89,9,0.28343949044585987,0.34615384615384615,1.2212618841832326
acute gastroenteritis,60,5,0.1910828025477707,0.19230769230769232,1.0064102564102564
parvovirus enteritis,41,2,0.1305732484076433,0.07692307692307693,0.5891181988742965
