variant,antecedent_count,support,support_count,confidence,lift,baseline_prevalence,antecedent_prevalence
full_rule,3,0.06369426751592357,20,0.7692307692307693,1.9961856325492688,0.3853503184713376,0.08280254777070063
drop_precipitation_hours_peak_14d_low,2,0.07006369426751592,22,0.5945945945945946,1.5429975429975429,0.3853503184713376,0.1178343949044586
drop_precipitation_hours_mean_7d_low,2,0.06687898089171974,21,0.5833333333333333,1.5137741046831954,0.3853503184713376,0.11464968152866242
drop_surface_pressure_max_day1_high,2,0.09554140127388536,30,0.5454545454545455,1.4154770848985725,0.3853503184713376,0.1751592356687898
