disease,block,cv_auc_mean,cv_auc_std,cv_balanced_accuracy_mean,cv_balanced_accuracy_std,n_folds
acute flare-up of triaditis/chronic enteropathy,environmental_only,0.5609876543209877,0.03479291842727609,0.5166666666666666,0.06024640760767093,5
acute gastroenteritis,environmental_only,0.6140522875816994,0.05920040850975452,0.580392156862745,0.022803339901201983,5
acute pancreatitis,environmental_only,0.49097840755735495,0.030027321716471277,0.4982638326585695,0.010663352347647497,5
parvovirus enteritis,environmental_only,0.6670043022820801,0.09708748355939967,0.5864141414141414,0.03704783856877619,5
