disease,overall_n,rule_subset_n,overall_pct,rule_subset_pct,subset_vs_overall_ratio
acute pancreatitis,124,10,0.39365079365079364,0.38461538461538464,0.9770471464019852
acute flare-up of triaditis/chronic enteropathy,90,9,0.2857142857142857,0.34615384615384615,1.2115384615384617
acute gastroenteritis,60,5,0.19047619047619047,0.19230769230769232,1.0096153846153848
parvovirus enteritis,41,2,0.13015873015873017,0.07692307692307693,0.5909943714821764
