variant,antecedent_count,support,support_count,confidence,lift,baseline_prevalence,antecedent_prevalence
full_rule,3,0.06349206349206349,20,0.7692307692307692,2.0025429116338205,0.38412698412698415,0.08253968253968254
drop_precipitation_hours_peak_14d_low,2,0.06984126984126984,22,0.5945945945945946,1.547911547911548,0.38412698412698415,0.11746031746031746
drop_precipitation_hours_mean_7d_low,2,0.06666666666666667,21,0.5833333333333334,1.5185950413223142,0.38412698412698415,0.11428571428571428
drop_surface_pressure_max_day1_high,2,0.09523809523809523,30,0.5454545454545454,1.4199849737039818,0.38412698412698415,0.1746031746031746
