disease,block,cv_auc_mean,cv_auc_std,cv_balanced_accuracy_mean,cv_balanced_accuracy_std,n_folds
acute flare-up of triaditis/chronic enteropathy,environmental_only,0.5875688111578989,0.03754960494068707,0.5227117724560181,0.08378066698622058,5
acute gastroenteritis,environmental_only,0.6130816993464052,0.04856190853157414,0.5860392156862744,0.012807929589180282,5
acute pancreatitis,environmental_only,0.49193859649122806,0.04554259249987558,0.5033157894736842,0.02945939503246237,5
parvovirus enteritis,environmental_only,0.6753755144032921,0.06787360249997575,0.5593602693602694,0.034223560351324775,5
