disease,histgb_auc,lgbm_auc,histgb_perm_p,lgbm_perm_p,direction_consistent
acute flare-up of triaditis/chronic enteropathy,0.5074074074074074,0.5875688111578989,0.5422885572139303,0.05472636815920398,True
acute gastroenteritis,0.5962418300653594,0.6130816993464052,0.0646766169154228,0.014925373134328358,True
acute pancreatitis,0.4776054880791722,0.49193859649122806,0.6417910447761194,0.5522388059701493,True
parvovirus enteritis,0.6200430228208005,0.6753755144032921,0.0497512437810945,0.004975124378109453,True
