cluster,diagnosis,count,row_pct,col_pct
0,acute flare-up of triaditis/chronic enteropathy,30,37.03703703703704,33.70786516853933
0,acute gastroenteritis,10,12.345679012345679,16.666666666666664
0,acute pancreatitis,32,39.50617283950617,25.806451612903224
0,parvovirus enteritis,9,11.11111111111111,21.951219512195124
1,acute flare-up of triaditis/chronic enteropathy,34,29.310344827586203,38.20224719101123
1,acute gastroenteritis,25,21.551724137931032,41.66666666666667
1,acute pancreatitis,47,40.51724137931034,37.903225806451616
1,parvovirus enteritis,10,8.620689655172415,24.390243902439025
2,acute flare-up of triaditis/chronic enteropathy,19,18.446601941747574,21.34831460674157
2,acute gastroenteritis,24,23.300970873786408,40.0
2,acute pancreatitis,39,37.86407766990291,31.451612903225808
2,parvovirus enteritis,21,20.388349514563107,51.21951219512195
3,acute flare-up of triaditis/chronic enteropathy,6,42.857142857142854,6.741573033707865
3,acute gastroenteritis,1,7.142857142857142,1.6666666666666667
3,acute pancreatitis,6,42.857142857142854,4.838709677419355
3,parvovirus enteritis,1,7.142857142857142,2.4390243902439024
