{
  "accuracy": 0.5079365079365079,
  "balanced_accuracy": 0.5311111111111111,
  "macro_f1": 0.5394777265745008,
  "weighted_f1": 0.4870016823933874
}