{
  "accuracy": 0.4126984126984127,
  "balanced_accuracy": 0.38263888888888886,
  "macro_f1": 0.404204653557544,
  "weighted_f1": 0.4032326603508657
}