{
  "n_splits": 5,
  "results": {
    "acute flare-up of triaditis/chronic enteropathy": {
      "clinical_only": {
        "model": "hist_gb_binary_acute_flare_up_of_triaditis_chronic_enteropathy",
        "n_folds": 5,
        "balanced_accuracy": {
          "mean": 0.574313725490196,
          "std": 0.053057344507079635
        },
        "recall": {
          "mean": 0.3130718954248366,
          "std": 0.08918036601230163
        },
        "precision": {
          "mean": 0.42764901764901764,
          "std": 0.10733735875149036
        },
        "f1": {
          "mean": 0.36051589307985304,
          "std": 0.09541298443598245
        },
        "roc_auc": {
          "mean": 0.642643427741467,
          "std": 0.07503575337321912
        }
      },
      "combined": {
        "model": "hist_gb_binary_acute_flare_up_of_triaditis_chronic_enteropathy",
        "n_folds": 5,
        "balanced_accuracy": {
          "mean": 0.5217647058823529,
          "std": 0.027763933497374178
        },
        "recall": {
          "mean": 0.19019607843137254,
          "std": 0.04715404309915753
        },
        "precision": {
          "mean": 0.33717171717171723,
          "std": 0.07614178666382579
        },
        "f1": {
          "mean": 0.24308450170519133,
          "std": 0.058098663431855456
        },
        "roc_auc": {
          "mean": 0.6314742193173566,
          "std": 0.07068706080154381
        }
      },
      "environmental_only": {
        "model": "hist_gb_binary_acute_flare_up_of_triaditis_chronic_enteropathy",
        "n_folds": 5,
        "balanced_accuracy": {
          "mean": 0.48921568627450984,
          "std": 0.0374329251895722
        },
        "recall": {
          "mean": 0.13398692810457516,
          "std": 0.07369262930574955
        },
        "precision": {
          "mean": 0.25181818181818183,
          "std": 0.0954328979782597
        },
        "f1": {
          "mean": 0.17092766747939162,
          "std": 0.08570638983578613
        },
        "roc_auc": {
          "mean": 0.5257153231663035,
          "std": 0.08920502441398596
        }
      }
    },
    "acute gastroenteritis": {
      "clinical_only": {
        "model": "hist_gb_binary_acute_gastroenteritis",
        "n_folds": 5,
        "balanced_accuracy": {
          "mean": 0.7921176470588236,
          "std": 0.07052903290766999
        },
        "recall": {
          "mean": 0.6,
          "std": 0.14907119849998599
        },
        "precision": {
          "mean": 0.9095238095238095,
          "std": 0.0831630914122523
        },
        "f1": {
          "mean": 0.7126315789473685,
          "std": 0.09676516139835337
        },
        "roc_auc": {
          "mean": 0.8288496732026143,
          "std": 0.0650611590677607
        }
      },
      "combined": {
        "model": "hist_gb_binary_acute_gastroenteritis",
        "n_folds": 5,
        "balanced_accuracy": {
          "mean": 0.8068235294117647,
          "std": 0.05898208207059619
        },
        "recall": {
          "mean": 0.6333333333333334,
          "std": 0.12638125740085918
        },
        "precision": {
          "mean": 0.8972222222222221,
          "std": 0.09996141230803654
        },
        "f1": {
          "mean": 0.7333333333333332,
          "std": 0.0781735959970572
        },
        "roc_auc": {
          "mean": 0.8856209150326798,
          "std": 0.042499368639346224
        }
      },
      "environmental_only": {
        "model": "hist_gb_binary_acute_gastroenteritis",
        "n_folds": 5,
        "balanced_accuracy": {
          "mean": 0.5400392156862746,
          "std": 0.04303857920830015
        },
        "recall": {
          "mean": 0.16666666666666669,
          "std": 0.13176156917368248
        },
        "precision": {
          "mean": 0.2539194139194139,
          "std": 0.16361830038689948
        },
        "f1": {
          "mean": 0.19513175094599242,
          "std": 0.13689826245493064
        },
        "roc_auc": {
          "mean": 0.610359477124183,
          "std": 0.052183004080055495
        }
      }
    },
    "acute pancreatitis": {
      "clinical_only": {
        "model": "hist_gb_binary_acute_pancreatitis",
        "n_folds": 5,
        "balanced_accuracy": {
          "mean": 0.601157894736842,
          "std": 0.08027428740784041
        },
        "recall": {
          "mean": 0.476,
          "std": 0.1314534138012399
        },
        "precision": {
          "mean": 0.5268350168350169,
          "std": 0.09491289262744217
        },
        "f1": {
          "mean": 0.49837946820370504,
          "std": 0.11060423648758873
        },
        "roc_auc": {
          "mean": 0.6871052631578948,
          "std": 0.10722804290667415
        }
      },
      "combined": {
        "model": "hist_gb_binary_acute_pancreatitis",
        "n_folds": 5,
        "balanced_accuracy": {
          "mean": 0.5725350877192982,
          "std": 0.07900093455661593
        },
        "recall": {
          "mean": 0.4503333333333333,
          "std": 0.11733380681722647
        },
        "precision": {
          "mean": 0.4941533125743652,
          "std": 0.12044012242417317
        },
        "f1": {
          "mean": 0.4677777996124042,
          "std": 0.10802144187312782
        },
        "roc_auc": {
          "mean": 0.6347631578947368,
          "std": 0.10094191097151724
        }
      },
      "environmental_only": {
        "model": "hist_gb_binary_acute_pancreatitis",
        "n_folds": 5,
        "balanced_accuracy": {
          "mean": 0.5020087719298245,
          "std": 0.04775125913039375
        },
        "recall": {
          "mean": 0.3303333333333333,
          "std": 0.04967114073808072
        },
        "precision": {
          "mean": 0.39980177717019816,
          "std": 0.07209573799640126
        },
        "f1": {
          "mean": 0.36143170838823013,
          "std": 0.0583686539398122
        },
        "roc_auc": {
          "mean": 0.49976315789473685,
          "std": 0.07015788980139755
        }
      }
    },
    "parvovirus enteritis": {
      "clinical_only": {
        "model": "hist_gb_binary_parvovirus_enteritis",
        "n_folds": 5,
        "balanced_accuracy": {
          "mean": 0.8593265993265993,
          "std": 0.051444394820291284
        },
        "recall": {
          "mean": 0.7333333333333333,
          "std": 0.0959238702768445
        },
        "precision": {
          "mean": 0.880952380952381,
          "std": 0.06734350297014739
        },
        "f1": {
          "mean": 0.7995238095238095,
          "std": 0.08310171894497717
        },
        "roc_auc": {
          "mean": 0.9720295548073326,
          "std": 0.015609889420557754
        }
      },
      "combined": {
        "model": "hist_gb_binary_parvovirus_enteritis",
        "n_folds": 5,
        "balanced_accuracy": {
          "mean": 0.8288047138047137,
          "std": 0.07338280453311258
        },
        "recall": {
          "mean": 0.6833333333333333,
          "std": 0.14006446928309677
        },
        "precision": {
          "mean": 0.8099999999999999,
          "std": 0.12337837015547833
        },
        "f1": {
          "mean": 0.7359340659340659,
          "std": 0.12141160882412469
        },
        "roc_auc": {
          "mean": 0.9716601197156752,
          "std": 0.015445036465905001
        }
      },
      "environmental_only": {
        "model": "hist_gb_binary_parvovirus_enteritis",
        "n_folds": 5,
        "balanced_accuracy": {
          "mean": 0.6182575757575757,
          "std": 0.10063552619795031
        },
        "recall": {
          "mean": 0.2694444444444445,
          "std": 0.20661326968487903
        },
        "precision": {
          "mean": 0.5228571428571429,
          "std": 0.11544059343335385
        },
        "f1": {
          "mean": 0.3364102564102564,
          "std": 0.19231111108072227
        },