disease,block,n_perm,observed_auc,perm_mean,perm_std,p_value,effect_size
acute flare-up of triaditis/chronic enteropathy,environmental_only,200,0.5875688111578989,0.49878846583650577,0.0516110030455643,0.05472636815920398,0.08878034532139317
acute gastroenteritis,environmental_only,200,0.6130816993464052,0.49779318808352635,0.054911939135168016,0.014925373134328358,0.11528851126287887
acute pancreatitis,environmental_only,200,0.49193859649122806,0.49473916717606115,0.04830957798589699,0.5522388059701493,-0.0028005706848330814
parvovirus enteritis,environmental_only,200,0.6753755144032921,0.5055096151283581,0.06275606524994663,0.004975124378109453,0.169865899274934
